{"cameraMode":{"drawMode":0,"name":"Shaded","section":"Shading Mode"},"sceneLighting":true,"audioPlay":false,"sceneViewState":{"showFog":true,"showMaterialUpdate":false,"showSkybox":true,"showFlares":true,"showImageEffects":true,"showParticleSystems":true},"in2DMode":false,"pivot":{"x":801.7674560546875,"y":237.67190551757813,"z":56.073486328125},"rotation":{"x":-0.1131390631198883,"y":-0.4757733941078186,"z":0.0618673712015152,"w":-0.8700641989707947},"size":1440.3572998046875,"orthographic":false}